-- =============================================================================
-- ПАЛАТА СУДЕБНЫХ ЭКСПЕРТОВ — Clean Seed
-- Запускать после того как схема уже применена.
-- Безопасно повторять: все INSERT используют ON CONFLICT DO NOTHING.
-- =============================================================================

SET session_replication_role = replica;

-- =============================================================================
-- palata_users
-- =============================================================================

INSERT INTO palata_users (id, role, email, full_name, phone) VALUES
    ('00000001-0000-0000-0000-000000000001', 'expert', 'expert01@palata.dev', 'Иванов Алексей Петрович',     '+79001110001'),
    ('00000001-0000-0000-0000-000000000002', 'expert', 'expert02@palata.dev', 'Смирнова Елена Владимировна', '+79001110002'),
    ('00000001-0000-0000-0000-000000000003', 'expert', 'expert03@palata.dev', 'Козлов Дмитрий Сергеевич',    '+79001110003'),
    ('00000001-0000-0000-0000-000000000004', 'expert', 'expert04@palata.dev', 'Новикова Марина Андреевна',   '+79001110004'),
    ('00000001-0000-0000-0000-000000000005', 'expert', 'expert05@palata.dev', 'Соколов Игорь Николаевич',    '+79001110005'),
    ('00000001-0000-0000-0000-000000000006', 'expert', 'expert06@palata.dev', 'Морозова Ольга Сергеевна',    '+79001110006'),
    ('00000001-0000-0000-0000-000000000007', 'expert', 'expert07@palata.dev', 'Волков Павел Юрьевич',        '+79001110007'),
    ('00000001-0000-0000-0000-000000000008', 'expert', 'expert08@palata.dev', 'Лебедева Наталья Борисовна',  '+79001110008'),
    ('00000001-0000-0000-0000-000000000009', 'expert', 'expert09@palata.dev', 'Захаров Антон Михайлович',    '+79001110009'),
    ('00000001-0000-0000-0000-000000000010', 'expert', 'expert10@palata.dev', 'Кузнецова Вера Игоревна',     '+79001110010'),
    ('00000002-0000-0000-0000-000000000001', 'customer', 'customer01@palata.dev', 'ООО Альфа Строй',         '+74951110001'),
    ('00000002-0000-0000-0000-000000000002', 'customer', 'customer02@palata.dev', 'ИП Сидоров В.А.',         '+74951110002'),
    ('00000002-0000-0000-0000-000000000003', 'customer', 'customer03@palata.dev', 'АО ТехноЭксперт',         '+74951110003'),
    ('00000002-0000-0000-0000-000000000004', 'customer', 'customer04@palata.dev', 'Петрова Светлана Ивановна','+74951110004'),
    ('00000002-0000-0000-0000-000000000005', 'customer', 'customer05@palata.dev', 'ООО ЮрПомощь',            '+74951110005')
ON CONFLICT (id) DO NOTHING;

-- =============================================================================
-- palata_customer_profiles
-- =============================================================================

INSERT INTO palata_customer_profiles (user_id, company_name, inn, contact_name, region) VALUES
    ('00000002-0000-0000-0000-000000000001', 'ООО Альфа Строй',  '7701234561', 'Сидорова Анна',       'Москва'),
    ('00000002-0000-0000-0000-000000000002', 'ИП Сидоров В.А.',  '504312345',  'Сидоров Виктор',      'Московская область'),
    ('00000002-0000-0000-0000-000000000003', 'АО ТехноЭксперт',  '7709876543', 'Николаев Роман',      'Санкт-Петербург'),
    ('00000002-0000-0000-0000-000000000004', NULL,                NULL,         'Петрова Светлана',    'Краснодар'),
    ('00000002-0000-0000-0000-000000000005', 'ООО ЮрПомощь',     '7712345678', 'Громова Ирина',       'Москва')
ON CONFLICT (user_id) DO NOTHING;

-- =============================================================================
-- palata_expert_profiles
-- =============================================================================

INSERT INTO palata_expert_profiles
    (user_id, status, specializations, regions, experience_years,
     accepts_requests, business_trip_ready, palata_registry_verified, centrsudexpert_verified, bio)
VALUES
    ('00000001-0000-0000-0000-000000000001', 'active',
     ARRAY['stroitelno-tehnicheskaya', 'ocenochnaya'],
     ARRAY['Moskva', 'Moskovskaya oblast'],
     12, TRUE, TRUE, TRUE, FALSE,
     'Строительно-технические экспертизы промышленных и жилых объектов.'),

    ('00000001-0000-0000-0000-000000000002', 'active',
     ARRAY['pocherkovedcheskaya', 'avtorovedcheskaya'],
     ARRAY['Moskva', 'Sankt-Peterburg'],
     8, TRUE, FALSE, TRUE, TRUE,
     'Почерковедение и криминалистика документов.'),

    ('00000001-0000-0000-0000-000000000003', 'active',
     ARRAY['avtotechnicheskaya', 'trasologicheskaya'],
     ARRAY['Moskva', 'Moskovskaya oblast', 'Tverskaya oblast'],
     15, TRUE, TRUE, FALSE, TRUE,
     'Автотехнические экспертизы по ДТП и страховым спорам.'),

    ('00000001-0000-0000-0000-000000000004', 'active',
     ARRAY['buhgalterskaya', 'finansovo-ekonomicheskaya'],
     ARRAY['Moskva'],
     6, TRUE, FALSE, TRUE, FALSE,
     'Бухгалтерские и финансово-экономические экспертизы.'),

    ('00000001-0000-0000-0000-000000000005', 'active',
     ARRAY['pozharno-tehnicheskaya', 'elektrotehnicheskaya'],
     ARRAY['Moskva', 'Moskovskaya oblast', 'Kaluzhskaya oblast'],
     10, TRUE, TRUE, TRUE, TRUE,
     'Установление причин пожаров и электрических повреждений.'),

    ('00000001-0000-0000-0000-000000000006', 'active',
     ARRAY['psihologicheskaya', 'psihiatricheskaya'],
     ARRAY['Sankt-Peterburg', 'Leningradskaya oblast'],
     9, TRUE, FALSE, TRUE, FALSE,
     'Судебный психолог, семейные и уголовные дела.'),

    ('00000001-0000-0000-0000-000000000007', 'active',
     ARRAY['zemleustroitelnaya', 'ekologicheskaya'],
     ARRAY['Krasnodar', 'Krasnodarskij kraj'],
     7, TRUE, TRUE, FALSE, FALSE,
     'Геодезия, кадастр, экологические экспертизы земельных участков.'),

    ('00000001-0000-0000-0000-000000000008', 'active',
     ARRAY['tovarovedcheskaya', 'ocenochnaya'],
     ARRAY['Moskva', 'Sankt-Peterburg'],
     11, TRUE, FALSE, TRUE, TRUE,
     'Экспертиза качества товаров, ущерб от порчи имущества.'),

    ('00000001-0000-0000-0000-000000000009', 'active',
     ARRAY['kompyuterno-tehnicheskaya', 'lingvisticheskaya'],
     ARRAY['Moskva'],
     5, TRUE, FALSE, FALSE, TRUE,
     'Экспертиза цифровых материалов, переписки, сайтов, ПО.'),

    ('00000001-0000-0000-0000-000000000010', 'pending',
     ARRAY['medicinskaya', 'farmacevticheskaya'],
     ARRAY['Moskva', 'Moskovskaya oblast'],
     3, FALSE, FALSE, FALSE, FALSE,
     'Врач-эксперт, стаж 3 года. Профиль на проверке.')
ON CONFLICT (user_id) DO NOTHING;

-- =============================================================================
-- palata_requests
-- =============================================================================

INSERT INTO palata_requests
    (id, customer_id, status, title, description, expertise_type, region, matching_round)
VALUES
    ('00000003-0000-0000-0000-000000000001',
     '00000002-0000-0000-0000-000000000001',
     'matching',
     'Строительно-техническая экспертиза нежилого здания',
     'Требуется определить рыночную стоимость и физический износ здания склада 2005 г.п.',
     'stroitelno-tehnicheskaya', 'Moskva', 1),

    ('00000003-0000-0000-0000-000000000002',
     '00000002-0000-0000-0000-000000000002',
     'in_progress',
     'Автотехническая экспертиза по ДТП',
     'ДТП произошло 15.04.2026. Необходимо установить механизм столкновения и скорость ТС.',
     'avtotechnicheskaya', 'Moskovskaya oblast', 1),

    ('00000003-0000-0000-0000-000000000003',
     '00000002-0000-0000-0000-000000000003',
     'pending',
     'Почерковедческая экспертиза договора',
     'Оспаривается подпись директора в договоре купли-продажи от 2024 года.',
     'pocherkovedcheskaya', 'Sankt-Peterburg', 1),

    ('00000003-0000-0000-0000-000000000004',
     '00000002-0000-0000-0000-000000000004',
     'completed',
     'Психологическая экспертиза в рамках бракоразводного процесса',
     'Необходимо определить психологическое состояние сторон и оценить влияние на детей.',
     'psihologicheskaya', 'Krasnodar', 1),

    ('00000003-0000-0000-0000-000000000005',
     '00000002-0000-0000-0000-000000000005',
     'matching',
     'Бухгалтерская экспертиза по налоговому спору',
     'Оспаривается доначисление НДС за период 2022–2023 гг. Объём документов ~500 листов.',
     'buhgalterskaya', 'Moskva', 2)
ON CONFLICT (id) DO NOTHING;

-- =============================================================================
-- palata_request_matches
-- =============================================================================

INSERT INTO palata_request_matches
    (request_id, expert_id, matching_round, status, decline_reason, responded_at)
VALUES
    -- Заявка 1 (matching): двум экспертам предложено, ответов нет
    ('00000003-0000-0000-0000-000000000001', '00000001-0000-0000-0000-000000000001', 1, 'proposed',  NULL,          NULL),
    ('00000003-0000-0000-0000-000000000001', '00000001-0000-0000-0000-000000000003', 1, 'proposed',  NULL,          NULL),

    -- Заявка 2 (in_progress): эксперт принял
    ('00000003-0000-0000-0000-000000000002', '00000001-0000-0000-0000-000000000003', 1, 'accepted',  NULL,          NOW() - INTERVAL '3 days'),

    -- Заявка 4 (completed): эксперт завершил
    ('00000003-0000-0000-0000-000000000004', '00000001-0000-0000-0000-000000000006', 1, 'completed', NULL,          NOW() - INTERVAL '10 days'),

    -- Заявка 5 (matching, раунд 2): оба отказали в раунде 1, новый предложен в раунде 2
    ('00000003-0000-0000-0000-000000000005', '00000001-0000-0000-0000-000000000004', 1, 'declined',  'busy',        NOW() - INTERVAL '2 days'),
    ('00000003-0000-0000-0000-000000000005', '00000001-0000-0000-0000-000000000008', 1, 'declined',  'not_competent', NOW() - INTERVAL '1 day'),
    ('00000003-0000-0000-0000-000000000005', '00000001-0000-0000-0000-000000000002', 2, 'proposed',  NULL,          NULL)
ON CONFLICT (request_id, expert_id, matching_round) DO NOTHING;

-- Назначить экспертов на принятые/завершённые заявки
UPDATE palata_requests
    SET assigned_expert_id = '00000001-0000-0000-0000-000000000003'
    WHERE id = '00000003-0000-0000-0000-000000000002'
      AND assigned_expert_id IS NULL;

UPDATE palata_requests
    SET assigned_expert_id = '00000001-0000-0000-0000-000000000006'
    WHERE id = '00000003-0000-0000-0000-000000000004'
      AND assigned_expert_id IS NULL;

-- =============================================================================

SET session_replication_role = DEFAULT;
